product_hs92_code,product_name_short,product_name,export_rca,density,pci,cog,export_value,efficiency
2841,Salts of oxometallic acids,Salts of oxometallic or peroxometallic acids,0.015736,0.136,3.472,0.002,3165852,4.013872832369942
3705,"Photographic film, developed","Photographic plates and film, exposed and developed, other than motion-picture film",0.008332,0.11099999999999999,2.826,0.956,164935,3.1752808988764043
7006,Worked glass,"Glass of heading 7003, 7004 or 7005, bent, edge-worked, engraved, drilled, enameled or otherwise worked, but not framed or fitted with other materials:",0.010839,0.17700000000000005,2.398,0.979,379951,2.9101941747572817
7506,Nickel plates,"Nickel plates, sheets, strip and foil",0.000712,0.10999999999999999,2.565,1.183,19518,2.878787878787879
8444,"Machines to extrude, cut manmade textile fibres","Machines to extrude, draw, cut manmade textile fibres",0.015518,0.126,2.473,1.111,241759,2.826285714285714
3707,Chemical preparations for photographic uses,"Chemical preparations for photographic uses (other than varnishes, glues, adhesives and similar preparations); unmixed products for photographic uses, put up in measured portions or put up for retail sale in a form ready for use",0.008462,0.136,2.441,0.804,586199,2.821965317919075
8479,Machines n.e.c.,"Machines and mechanical appliances having individual functions, not specified or included elsewhere in this chapter; parts thereof",0.033793,0.14,2.244,1.429,83598720,2.6062717770034847
8113,Cermets,"Cermets and articles thereof, including waste and scrap",0.001291,0.11499999999999999,2.271,0.985,14803,2.5632054176072234
7221,"Bars of stainless steel, hot-rolled","Bars and rods, stainless steel, hot-rolled, irreg coils",0.022433,0.136,2.13,1.225,387332,2.4624277456647397
8456,Machines for working materials by laser and similar means,"Machine tools for working any material by removal of material, by laser or other light or photon beam, ultrasonic, electro-discharge, electro-chemical, electron-beam, ionic-beam or plasma arc processes",0.005953,0.133,2.073,1.335,540625,2.3882488479262673
2919,Phosporic esters,"Phosphoric esters and their salts, including lactophosphates; their halogenated, sulfonated, nitrated or nitrosated derivatives",0.010031,0.14300000000000002,2.042,1.221,112207,2.37995337995338
9110,"Clock movements, complete, unassembled","Complete watch or clock movements, unassembled or partly assembled (movement sets); incomplete watch or clock movements, assembled; rough watch or clock movements",0.001563,0.17900000000000005,1.926,0.74,4383,2.343065693430657
7107,Silver clad metals,"Base metals clad with silver, not further worked than semi- manufactured",0.011095,0.11699999999999999,2.066,0.005,15502,2.3371040723981897
8207,Interchangeable tools for hand tools,"Interchangeable tools for hand tools, whether or not power-operated, or for machine-tools (for example, for pressing, stamping, punching, tapping, threading, drilling,boring, broaching, milling, turning or screw driving), including dies for drawing or ext",0.145856,0.14300000000000002,1.977,1.309,39361539,2.304195804195804
2843,Compounds of precious metals,"Colloidal precious metals; inorganic or organic compounds of precious metals, whether or not chemically defined; amalgams of precious metals",0.123263,0.10999999999999999,2.009,1.207,16125808,2.254769921436588
8457,Machining centers for working metal,"Machining centers, unit construction machines (single station) and multistation transfer machines, for working metal",0.002643,0.119,1.985,1.242,289486,2.2505668934240366
3818,Chemical elements for electronics,Chemical element/compound wafers doped for electronic,0.146044,0.16400000000000003,1.865,1.155,31138522,2.228195937873357
2812,Halides of nonmetals,Halides and halide oxides of nonmetals,0.0,0.131,1.928,1.076,0,2.2160919540229886
3810,Pickling preparations for metal surfaces,"Pickling preparations for metal surfaces; fluxes and other auxiliary preparations for soldering, brazing or welding; soldering, brazing or welding powders and pastes consisting of metal and other materials; preparations of a kind used as cores or coatings for welding electrodes or rods:",0.113341,0.132,1.913,1.391,2561112,2.2013808975834293
8475,Machines for assembling electric lamps,"Machines for assembling electric or electronic lamps, tubes or flashbulbs, in glass envelopes; machines for manufacturing or hot working glass or glassware; parts thereof",0.006508,0.15500000000000003,1.859,1.349,358141,2.1973995271867612
2850,"Hydrides, nitrides, azides, silicides and borides","Hydrides, nitrides, azides, silicides and borides, whether or not chemically defined, other than compounds which are also carbides of heading 2849 Carbides",0.0,0.134,1.903,1.246,0,2.1949250288350637
3002,Serums and vaccines,"Human blood; animal blood prepared for therapeutic, prophylactic or diagnostic uses; antisera and other blood fractions and modified immunological products, whether or not obtained by means of biotechnological processes; vaccines, toxins, cultures of micr",0.034887,0.128,1.875,1.42,129919181,2.147766323024055
8209,"Articles for utensils, of cermet",Of other cermets,0.006404,0.13,1.852,1.333,460128,2.1262916188289323
9012,"Microscopes, other than optical",Microscopes other than optical microscopes; diffraction apparatus; parts and accessories thereof,0.009425,0.12,1.871,1.229,448260,2.1237230419977298
7225,"Flat-rolled products of other alloy steel, width > 600 mm","Flat-rolled products of other alloy steel, of a width of 600 mm or more",0.0074,0.14400000000000002,1.809,1.448,3033194,2.1108518086347723
8466,Parts and accessories for metal working machines,"Parts and accessories suitable for use solely or principally with the machines of headings 8456 to 8465, including work or tool holders, self-opening dieheads, dividing heads and other special attachments for machine tools; tool holders for any type of to",0.045692,0.136,1.818,1.352,10327930,2.1017341040462427
2931,Other organo-inorganic compounds,Other organo-inorganic compounds,0.131339,0.14300000000000002,1.798,1.396,11602119,2.0955710955710956
8458,Lathes for removing metal,Lathes (including turning centers) for removing metal,0.003262,0.14400000000000002,1.793,1.354,276290,2.09218203033839
9017,Drafting tables and machines,"Drawing, marking-out or mathematical calculating instruments (for example,drafting machines, pantographs, protractors, drawing sets, slide rules, disc calculators);instruments for measuring length, for use in the hand (for example, measuring and tapes,mic",0.027396,0.14,1.751,1.479,850105,2.0336817653890824
3910,Silicones in primary forms,Silicones in primary forms,0.059536,0.137,1.726,1.356,5461676,1.9976851851851851
3914,Ion-exchangers based on polymers,"Ion-exchangers based on polymers of headings 3901 to 3913, in primary forms",0.04778,0.139,1.716,1.366,1327564,1.9907192575406032
2911,Acetals and hemiacetals,"Acetals and hemiacetals, whether or not with other oxygen function, and their halogenated, sulfonated, nitrated or nitrosated derivatives",0.023148,0.15100000000000002,1.685,0.004,20783,1.9823529411764707
8477,Machinery for working rubber or plastics,"Machinery for working rubber or plastics or for the manufacture of products from these materials, not specified or included elsewhere in this chapter; parts thereof",0.025861,0.126,1.725,1.458,9443763,1.9714285714285715
8454,Machines used in metallurgy,"Converters, ladles, ingot molds and casting machines, of a kind used in metallurgy or in metal foundries, and parts thereof",0.110229,0.133,1.703,1.359,4159580,1.9619815668202767
9022,X-ray machines,"Apparatus based on the use ofX-rays or of alpha, beta or gamma radiations, whether or not for medical, surgical, dental or veterinary uses, including radiography or radiotherapy apparatus, X-ray tubes and other X-ray generators, high tension generators, c",0.021961,0.124,1.717,1.381,7037743,1.9578107183580389
8420,"Calendering or other rolling machines, other than for metals or glass","Calendering or other rolling machines, other than for metals or glass, and cylinders therefor; parts thereof",0.030924,0.122,1.684,1.354,646244,1.9158134243458476
7222,Other bars and rods of stainless steel,"Other bars and rods of stainless steel; angles, shapes and sections of stainless steel",0.034142,0.139,1.637,1.412,3004033,1.8990719257540603
9011,Optical microscopes,"Compound optical microscopes, including those for photomicrography, cinemicrography or microprojection; parts and accessories thereof",0.023224,0.137,1.639,1.201,951810,1.8969907407407407
9024,Machines for testing the mechanical properties of materials,"Machines and appliances for testing the hardness, strength, compressibility, elasticity or other mechanical properties of materials (for example, metals, wood, textiles, paper, plastics), and parts and accessories thereof",0.026757,0.128,1.643,1.286,808085,1.8820160366552119
2914,Ketones and quinones,"Ketones and quinones, whether or not with other oxygen function, and their halogenated, sulfonated, nitrated, or nitrosated derivatives",0.019551,0.15400000000000003,1.586,1.357,1352596,1.872491145218418
3403,Lubricants,"Lubricating preparations (including cutting-oil preparations, bolt or nut release preparations, antirust or anticorrosion preparations and mold release preparations, based on lubricants) and preparations of a kind used for the oil or grease treatment of t",0.06714,0.134,1.616,1.335,8449931,1.8638985005767015
8460,Machines with grinding stones for finishing metal,"Machine tools for deburring, sharpening, grinding, honing, lapping, polishing or otherwise finishing metal or cermets by means of grinding stones, abrasives or polishing products, other than gear cutting, gear grinding or gear finishing machines of headin",0.021911,0.133,1.607,1.232,1049068,1.8513824884792627
9002,Lenses and other optical elements,"Lenses, prisms, mirrors and other optical elements, of any material, mounted,being parts of or fittings for instruments or apparatus, other than such elements of glass not optically worked; parts and accessories thereof",0.144276,0.17400000000000004,1.52,1.074,23936281,1.8379685610640872
8413,Pumps for liquids,"Pumps for liquids, whether or not fitted with a measuring device; liquid elevators; part thereof",0.114679,0.135,1.577,1.464,100949973,1.8210161662817552
3911,Petroleum resins,"Petroleum resins, coumarone-indene resins, polyterpenes, polysulfides, polysulfones and other products specified in note 3 to this chapter, not elsewhere specified or included, in primary forms",0.022924,0.14,1.564,1.438,1869891,1.8164924506387923
2926,Nitrile-function compounds,Nitrile-function compounds,0.00036,0.137,1.565,1.481,17655,1.8113425925925926
8462,Machine tools for molding and forging metals,"Machine tools (including presses) for working metal by forging, hammering or die-stamping; machine tools (including presses) for working metal by bending, folding, straightening, flattening, shearing, punching or notching; presses for working metal or met",0.101268,0.14300000000000002,1.546,1.359,12995427,1.801864801864802
9013,Liquid crystal devices,"Liquid crystal devices not constituting articles provided for more specifically in other headings; lasers, other than laser diodes; other optical appliances and instruments, not specified or included elsewhere in this chapter; parts and accessories thereo",0.00722,0.15200000000000002,1.513,1.177,1220646,1.7820965842167256
8480,Molding boxes for metal foundry,"Molding boxes for metal foundry; mold bases; molding patterns; molds for metal (other than ingot molds), metal carbides, glass, mineral materials, rubber or plastics",0.141208,0.14200000000000002,1.528,1.269,32165392,1.7788125727590223
9031,Measuring instruments,"Measuring or checking instruments, appliances and machines, not specified or included elsewhere in this chapter; profile projectors; parts and accessories thereof",0.159821,0.137,1.509,1.341,107953502,1.7465277777777777
8408,Compression-ignition internal combustion piston engines,Compression-ignition internal combustion piston engines (diesel or semi-diesel engines),0.090144,0.14600000000000002,1.491,1.349,50003911,1.743859649122807
8439,Machinery for making paper,Machinery for making pulp of fibrous cellulosic material or for making or finishing paper or paperboard (other than the machinery of heading 8419); parts thereof,0.040291,0.14300000000000002,1.494,1.347,2935684,1.7412587412587412
8514,Industrial electric furnaces,Industrial or laboratory electric furnaces and ovens (including those functioning by induction or dielectric loss); other industrial or laboratory equipment for the heat treatment of materials by induction or dielectric loss; parts thereof,0.005985,0.14100000000000001,1.495,1.499,479357,1.738372093023256
8508,Vacuum cleaners,Vacuum cleaners; parts thereof,0.002418,0.15400000000000003,1.469,1.161,606812,1.7343565525383708
9026,Instruments for measuring properties of liquids or gases,"Instruments and apparatus for measuring or checking the flow, level, pressure or other variables of liquids or gases (for example, flow meters, level gauges, manometers, heat meters), excluding instruments and apparatus of heading 9014, 9015, 9028 or 9032",0.036939,0.14,1.489,1.377,11773531,1.72938443670151
9030,Instruments for measuring electricity,"Oscilloscopes, spectrum analyzers and other instruments and apparatus for measuring or checking electrical quantities, excluding meters of heading 9028;instruments and apparatus for measuring or detecting alpha, beta, gamma, X-ray, cosmic or other ionizin",0.055995,0.14900000000000002,1.469,1.277,22124288,1.7241784037558687
8540,"Thermionic, cold cathode or photocathode tubes","Thermionic, cold cathode or photocathode tubes (for example, vacuum or vaporor gas filled tubes, mercury arc rectifying tubes, cathode-ray tubes, television camera tubes);parts thereof",0.028257,0.14500000000000002,1.465,1.146,642589,1.7114485981308412
7002,Glass balls,"Glass in balls (other than microspheres of heading 7018), rods or tubes, unworked",0.080719,0.14500000000000002,1.465,1.311,1364402,1.7114485981308412
8446,Looms,Weaving machines (looms),0.062445,0.15000000000000002,1.454,0.985,1478774,1.708578143360752
3819,Hydraulic fluids,"Hydraulic brake, transmission fluid <70% petroleum oil",0.039138,0.14100000000000001,1.465,1.07,513083,1.7034883720930234
5910,"Transmission belts or belting, of textile material","Transmission or conveyor belts or belting, of textile material, whether or not impregnated, coated, covered or laminated with plastics, or reinforced with metal or other material:",0.082375,0.14600000000000002,1.447,1.31,677325,1.6923976608187135
8463,"Other machine tools for working metal, without removal","Other machine tools for working metal or cermets, without removing material",0.032683,0.14,1.439,1.286,914144,1.6713124274099884
8467,"Tools for hand working, pneumatic, hydraulic motors","Tools for working in the hand, pneumatic, hydraulic or with self-contained electric or nonelectric motor, and parts thereof",0.012902,0.14300000000000002,1.427,1.157,1243225,1.6631701631701632
8427,Fork-lift trucks,Fork-lift trucks; other works trucks fitted with lifting or handling equipment,0.013813,0.133,1.436,1.416,5143116,1.6543778801843319
8449,Machinery to manufacture felt,"Machinery for the manufacture or finishing of felt or nonwovens in the piece or in shapes, including machinery for making felt hats; blocks for making hats; parts thereof:",0.003563,0.134,1.43,1.043,32473,1.649365628604383
8603,Self-propelled railway coaches,"Self-propelled railway or tramway coaches, vans and trucks, other than those of heading 8604",0.0,0.131,1.431,0.989,0,1.6448275862068966
8464,Machine tools for working stone,"Machine tools for working stone, ceramics, concrete, asbestos-cement or like mineral materials or for cold working glass",0.004974,0.14,1.411,1.416,155794,1.6387921022067364
3701,Photographic plates,"Photographic plates and film in the flat, sensitized, unexposed, of any material other than paper, paperboard or textiles; instant print film in the flat, sensitized, unexposed, whether or not in packs",0.010584,0.15800000000000003,1.379,1.177,526815,1.6358244365361803
2908,Derivatives of phenols,"Halogenated, sulfonated, nitrated or nitrosated derivatives of phenols or phenol-alcohols",0.166897,0.14,1.383,0.954,1071604,1.6062717770034844
8441,Other machinery for making paper,"Other machinery for making up paper pulp, paper or paperboard, including cutting machines of all kinds, and parts thereof",0.027757,0.14100000000000001,1.371,1.343,2731269,1.594186046511628
7226,"Flat-rolled products of other alloy steel, width < 600 mm","Flat-rolled products of other alloy steel, of a width of less than 600 mm",0.106741,0.14800000000000002,1.351,1.355,5869887,1.5838218053927315
5005,Yarn from silk waste,Yarn spun from silk waste not put up for retail sale,0.002331,0.16200000000000003,1.327,0.003,2495,1.5816448152562574
2921,Amine-function compounds,Amine-function compounds,0.019359,0.15100000000000002,1.344,1.444,2377116,1.5811764705882354
3909,Amino-resins,"Amino-resins, phenolic resins and polyurethanes, in primary forms",0.147759,0.15400000000000003,1.318,1.187,33305671,1.5560802833530107
7505,"Nickel bars, wire etc.","Nickel bars, rods, profiles and wire",0.00173,0.11399999999999999,1.376,1.24,100897,1.5512965050732805
8419,Equipment for temperature change of materials,"Machinery, plant or laboratory equipment, whether or not electrically heated (excluding furnaces, ovens and other equipment of heading 8514), for the treatment of materials by a process involving a change of temperature such as heating, cooking, roasting,",0.082309,0.14100000000000001,1.324,1.421,49632388,1.5395348837209304
7415,Screws and similar articles of copper,"Nails, tacks, drawing pins, staples (other than those of heading 8305) and similar articles, of copper or of iron or steel with heads of copper; screws,bolts, nuts, screw hooks, rivets, cotters, cotter pins, washers (including spring washers) and similar",0.186225,0.14,1.321,1.237,2733088,1.5342624854819977
6805,Natural or artificial abrasive powder,"Natural or artificial abrasive powder or grain, on a base of textile material, of paper, of paperboard or of other materials, whether or not cut to shape or sewn or otherwise made up",0.037893,0.14400000000000002,1.304,1.21,2175406,1.5215869311551926
8507,Batteries,"Electric storage batteries, including separators therefor, whether or not rectangular(including square); parts thereof",0.09943,0.14500000000000002,1.297,0.983,173915214,1.5151869158878504
7507,Nickel tubes and pipes,"Nickel tubes, pipes and tube or pipe fittings (for example, couplings, elbows,sleeves)",0.021132,0.11399999999999999,1.326,1.297,402261,1.4949267192784668
8481,Appliances for thermostatically controlled valves,"Taps, cocks, valves and similar appliances, for pipes, boiler shells, tanks, vats or the like, including pressure-reducing valves and thermostatically controlled valves; parts thereof",0.151244,0.138,1.286,1.367,189283860,1.4901506373117035
8428,Other lifting machinery,"Other lifting, handling, loading or unloading machinery (for example, elevators, escalators, conveyors, teleferics)",0.017148,0.15100000000000002,1.266,1.201,7643760,1.4894117647058824
3905,Polymers of vinyl acetate,"Polymers of vinyl acetate or of other vinyl esters, in primary forms; other vinyl polymers in primary forms",0.087456,0.17100000000000004,1.231,0.922,6003055,1.483132530120482
2910,Epoxides,"Epoxides, epoxyalcohols, epoxyphenols and epoxyethers, with a three-membered ring, and their halogenated, sulfonated, nitrated or nitrosated derivatives",0.001571,0.14500000000000002,1.251,1.153,56931,1.461448598130841
5903,Textile fabrics impregnated with plastics,"Textile fabrics impregnated, coated, covered or laminated with plastics, other than those of heading 5902",0.176128,0.14900000000000002,1.243,0.95,28366964,1.4589201877934275
8461,Other machine tools for planing and cutting metals,"Machine tools for planing, shaping, slotting, broaching, gear cutting, gear grinding or gear finishing, sawing, cutting-off and other machine tools working by removing metal or cermets, not elsewhere specified or included",0.08374,0.137,1.256,1.328,2574589,1.4537037037037037
5911,Textile articles for technical use,"Textile products and articles, for technical uses, specified in note 7 to this chapter",0.194628,0.14300000000000002,1.246,1.244,12862727,1.4522144522144522
2907,"Phenols, phenol-alcohols",Phenols; phenol-alcohols,0.085838,0.16200000000000003,1.218,1.043,4466476,1.4517282479141835
4904,"Music, printed or in manuscript","Music, printed or in manuscript",0.009196,0.127,1.264,0.003,8537,1.4462242562929062
8417,Industrial furnaces,"Industrial or laboratory furnaces and ovens, including incinerators, nonelectric, and parts thereof",0.032909,0.137,1.233,1.21,2234272,1.4270833333333335
8523,Sound storage media,"Discs, tapes, solid-state non-volatile storage devices, smart cards and other media for the recording of sound or of other phenomena, whether or not recorded, including matrices and masters for the production of discs, but excluding products of Chapter 37",0.012337,0.18100000000000005,1.166,0.845,5718255,1.421951219512195
6903,Other refractory ceramic goods,"Other refractory ceramic goods (for example, retorts, crucibles, muffles, nozzles, plugs, supports, cupels, tubes, pipes, sheaths and rods), other than those of siliceous fossil meals or of similar siliceous earths",0.046454,0.15400000000000003,1.201,1.139,1279907,1.4179456906729635
3912,Cellulose n.e.c.,"Cellulose and its chemical derivatives, not elsewhere specified or included, in primary forms",0.107145,0.16800000000000004,1.176,1.009,8409006,1.411764705882353
8401,Nuclear reactors and related equipment,"Nuclear reactors; fuel elements (cartridges), non-irradiated, for nuclear reactors; machinery and apparatus for isotopic separation; parts thereof",0.000266,0.132,1.226,0.899,13251,1.4108170310701955
9021,Orthopedic appliances,"Orthopedic appliances,including crutches, surgical belts and trusses; splints and other fracture appliances; artificial parts of the body; hearing aids and other appliances which are worn or carried, or implanted in the body, to compensate for a defect or",0.014597,0.15000000000000002,1.198,1.135,13052279,1.4077555816686251
8445,Machines for preparing textile fibers,"Machines for preparing textile fibers; spinning, doubling or twisting machines and other machinery for producing textile yarns; textile reeling or winding (including weft winding) machines and machines for preparing textile yarns for use on the machines o",0.022724,0.15300000000000002,1.185,1.06,1095062,1.3974056603773586
2937,Hormones,"Hormones, prostaglandins, thromboxanes and leukotrienes, natural or reproduced by synthesis; derivatives and structural analogues thereof, including chain modified polypeptides, used primarily as hormones",0.001177,0.11399999999999999,1.236,0.673,447023,1.3934611048478016
2913,Derivatives of aldehydes,"Halogenated, sulfonated, nitrated or nitrosated derivatives of products of heading 2912",0.0,0.15400000000000003,1.18,0.003,0,1.3931523022432113
8485,"Machinery parts, not containing electrical features, n.e.c.","Machinery parts, not containing electrical connectors, insulators, coils, contacts or other electrical features, not specified or included elsewhere in this Chapter.",0.188445,0.14400000000000002,1.19,1.365,29865237,1.3885647607934655
8307,Flexible tubing of base metal,"Flexible tubing of base metal,with or without fittings",0.020452,0.15400000000000003,1.162,1.179,722361,1.3719008264462809
9108,"Watch movements, complete","Watch movements, complete and assembled",0.006685,0.16200000000000003,1.147,0.872,64606,1.3671036948748512
8472,Other office machines,"Other office machines (for example, hectograph or stencil duplicating machines, addressing machines, automatic banknote dispensers, coin-sorting machines, coin-counting or wrapping machines, pencil-sharpening machines, perforating or stapling machines)",0.034641,0.16100000000000003,1.145,1.047,1752321,1.3630952380952381
8515,Electric soldering machines,"Electric (including electrically heated gas), laser or other light or photon beam, ultrasonic, electron beam, magnetic pulse or plasma arc soldering, brazingor welding machines and apparatus, whether or not capable of cutting; electric machines and appara",0.086149,0.137,1.173,1.376,13186094,1.357638888888889
6902,"Bricks, tiles and similar refractory ceramic constructional goods","Refractory bricks, blocks, tiles and similar refractory ceramic constructional goods, other than those of siliceous fossil meals or similar siliceous earths",0.022246,0.15000000000000002,1.155,1.17,1277710,1.3572267920094008
8204,Wrenches,"Hand-operated spanners and wrenches (including torque meter wrenches but not including tap wrenches); socket wrenches, with or without handles,drives or extensions; base metal parts thereof",0.017018,0.15400000000000003,1.149,0.99,630655,1.3565525383707202
9611,Hand-operated stamps,"Date, sealing or numbering stamps and the like, (including devices for printing or embossing labels), designed for operating in the hand; hand-operated composing sticks and hand printing sets incorporating such composing sticks",0.057833,0.15400000000000003,1.146,1.058,188665,1.3530106257378984
3702,Photographic film in rolls,"Photographic film in rolls, sensitized, unexposed, of any material other than paper, paperboard or textiles; instant print film in rolls, sensitized, unexposed",0.045006,0.15300000000000002,1.145,0.808,790248,1.3502358490566038
2929,Isocyanates,Compounds with other nitrogen function,0.06933,0.138,1.162,1.184,5229640,1.3464658169177288
6815,Articles of stone or of other mineral substances,"Articles of stone or of other mineral substances (including carbon fibers, articles of carbon fibers and articles of peat), not elsewhere specified or included",0.077931,0.14500000000000002,1.149,1.135,8540078,1.3422897196261683
2932,Heterocyclic compounds with oxygen hetero-atom(s) only,Heterocyclic compounds with oxygen hetero-atom(s) only,0.018503,0.14200000000000002,1.152,1.273,2174765,1.341094295692666
8440,Bookbinding machinery,"Bookbinding machinery, including book-sewing machines, and parts thereof",0.077584,0.15100000000000002,1.12,1.202,790274,1.3176470588235296
8465,Machine tools for working wood,"Machine tools (including machines for nailing, stapling, glueing or otherwise assembling) for working wood, cork, bone, hard rubber, hard plastics or similar hard materials",0.028699,0.14200000000000002,1.121,1.127,2981647,1.3050058207217696
2933,Heterocyclic compounds with nitrogen hetero-atom(s) only,Heterocyclic compounds with nitrogen hetero-atom(s) only,0.198693,0.14500000000000002,1.114,0.954,254046876,1.3014018691588787
8104,Magnesium,"Magnesium and articles thereof, including waste and scrap",0.037865,0.14500000000000002,1.113,0.798,1087008,1.300233644859813
3407,Modeling pastes,"Modeling pastes, including those put up for children's amusement; preparations known as dental wax or as dental impression compounds, put up in sets, in packings for retail sale or in plates, horseshoe shapes, sticks or similar forms",0.003189,0.14500000000000002,1.103,1.107,46165,1.2885514018691588
8547,Insulating fittings for electrical machines,"Insulating fittings for electrical machines, appliances or equipment, being fittings wholly of insulating material apart from any minor components of metal (for example, threaded sockets)incorporated during molding solely for the purposes of assembly, oth",0.039301,0.15500000000000003,1.084,1.118,3208647,1.281323877068558
8416,Furnace burners,"Furnace burners for liquid fuel, for pulverized solid fuel or for gas; mechanical stokers, including their mechanical grates, mechanical ash dischargers and similar appliances; parts thereof",0.018272,0.139,1.098,1.116,524560,1.2737819025522044
3926,Other articles of plastic,Other articles of plastics and articles of other materials of headings 3901 to 3914,0.10507,0.14700000000000002,1.072,1.255,173087299,1.2552693208430914
8433,Harvesting or agricultural machinery,"Harvesting or threshing machinery, including straw or fodder balers; grass or hay mowers; machines for cleaning, sorting or grading eggs, fruit or other agricultural produce, other than machinery of heading 8437; parts thereof",0.066588,0.14900000000000002,1.053,1.091,23144915,1.2359154929577465
2851,"Inorganic compounds, liquid or compressed air","Inorganic compounds,liquid/compressed air,amalgams ne",0.059181,0.14400000000000002,1.059,0.001,2515846,1.235705950991832
7609,Aluminum tube or pipe fittings,"Aluminum tube or pipe fittings (for example, couplings, elbows, sleeves)",0.144171,0.14700000000000002,1.053,1.268,2073034,1.2330210772833723
2705,Non-petroleum gases,"Coal gas, water gas, producer gas and similar gases, other than petroleum gases and other gaseous hydrocarbons",0.0,0.15500000000000003,1.041,0.003,0,1.2304964539007093
8422,Dish washing machines,"Dishwashing machines; machinery for cleaning or drying bottles or other containers; machinery for filling, closing, sealing or labeling bottles, cans, boxes, bags or other containers; machinery for capsuling bottles, jars, tubes and similar containers; ot",0.063797,0.14300000000000002,1.05,1.18,26741331,1.2237762237762237
3821,Prepared culture media for micro-organisms,"Prepared culture media for development or maintenance of micro-organisms (including viruses and the like) or of plant, human or animal cells",0.000347,0.14,1.044,1.24,13252,1.2125435540069687
3212,"Pigments, nonaqueous","Pigments (including metallic powders and flakes) dispersed in nonaqueous media, in liquid or paste form, of a kind used in the manufacture of paints (including enamels); stamping foils; dyes and other coloring matter put up in forms or packings for retail",0.043363,0.16700000000000004,1.01,1.097,1018367,1.211031175059952
3507,Enzymes,Enzymes; prepared enzymes not elsewhere specified or included,0.103393,0.14100000000000001,1.039,0.924,9063497,1.208139534883721
2935,Sulfonamides,Sulfonamides,0.072659,0.15400000000000003,1.017,0.716,6614486,1.2007083825265643
8455,Metal-rolling mills,Metal-rolling mills and rolls therefor; parts thereof,0.0083,0.15600000000000003,1.014,1.249,610927,1.2
8102,Molybdenum,"Molybdenum and articles thereof, including waste and scrap",0.001791,0.139,1.025,1.006,25423,1.1890951276102086
7003,"Glass, cast or rolled","Cast glass and rolled glass, in sheets or profiles, whether or not having an absorbent, reflecting or non-reflecting layer, but not otherwise worked",0.086985,0.16500000000000004,0.994,0.745,1967909,1.1889952153110048
2816,Hydroxides or peroxides of magnesium,"Hydroxide and peroxide of magnesium; oxides, hydroxides and peroxides, of strontium or barium",0.0,0.14600000000000002,1.008,0.679,0,1.1789473684210527
9016,Balances of a sensitivity < 50 milligram,"Balances of a sensitivity of a 5 cg or better, with or without weights; parts and accessories thereof:",0.00434,0.14900000000000002,1.003,0.951,26250,1.1772300469483568
7302,Railway construction material of iron or steel,"Railway or tramway track construction material of iron or steel, the following rails, check-rails and rack rails, switch blades, crossing frogs, point rods and other crossing pieces, sleepers (cross-ties), fish-plates, chairs, chair wedges, sole plates (b",0.033017,0.14,1.011,1.139,1700844,1.1742160278745644
8203,"Pliers, pincers and other metal handtools","Files, rasps, pliers (including cutting pliers), pincers, tweezers, metal cutting shears, pipe cutters, bolt cutters, perforating punches and similar hand tools, and base metal parts thereof",0.068803,0.17500000000000004,0.966,0.883,2238729,1.1694915254237288
7105,Diamond dust,Dust and powder of natural or synthetic precious or semi-precious stones,0.004199,0.14900000000000002,0.985,0.878,18241,1.1561032863849765
8442,Machinery for making printing components,"Machinery, apparatus and equipment (other than the machine tools of headings 8456 to 8465), for preparing or making plates, cylinders or other printing components; plates, cylinders and other printing components; plates, cylinders and lithographic stones,",0.045011,0.16400000000000003,0.966,0.918,654272,1.1541218637992832
8211,Knife sets,"Knives with cutting blades,serrated or not (including pruning knives), other than knives of heading 8208, and blades and other base metal parts thereof",0.04603,0.15400000000000003,0.973,1.129,1662781,1.1487603305785123
3801,Artificial graphite,"Artificial graphite; colloidal or semi-colloidal graphite; preparations based on graphite or other carbon in the form of pastes, blocks, plates or other semimanufactures",0.014587,0.14200000000000002,0.986,0.962,694276,1.1478463329452853
9305,Parts of military weapons,Parts and accessories of articles of headings 9301 to 9304,0.010829,0.15400000000000003,0.968,0.876,337925,1.1428571428571428
9302,Revolvers and pistols,Revolvers and pistols,0.016149,0.13,0.99,1.02,245417,1.1366245694603903
9104,Instrument panel clocks for vehicles,"Instrument panel clocks and clocks of a similar type for vehicles, aircraft, spacecraft or vessels:",0.022212,0.16200000000000003,0.953,0.003,18932,1.135876042908224
8436,Other agricultural machinery,"Other agricultural, horticultural, forestry, poultry-keeping or bee-keeping machinery, including germination plant fitted with mechanical or thermal equipment; poultry incubators and brooders; parts thereof",0.020523,0.15300000000000002,0.963,0.966,2200292,1.1356132075471699
9103,Clocks with watch movements,"Clocks with watch movements, excluding clocks of heading 9104",0.080156,0.14900000000000002,0.954,0.003,48803,1.119718309859155
5909,Textile hosepiping and similar tubing,"Textile hosepiping and similar textile tubing, with or without lining, armor or accessories of other materials:",0.002428,0.14700000000000002,0.945,1.082,11913,1.1065573770491803
4902,"Newspapers, journals and periodicals","Newspapers, journals and periodicals, whether or not illustrated or containing advertising material",0.042498,0.14500000000000002,0.947,1.118,1087320,1.1063084112149533
8451,Machinery for processing fabrics,"Machinery (other than machines of heading 8450) for washing, cleaning, wringing, drying, ironing, pressing (including fusing presses), bleaching, dyeing, dressing, finishing, coating or impregnating textile yarns, fabrics or made up textile articles and m",0.016007,0.16500000000000004,0.924,1.053,1583090,1.105263157894737
2842,Other salts of acids,"Other salts of inorganic acids or peroxoacids (including aluminosilicates whether or not chemically defined), other than azides",0.013732,0.16600000000000004,0.922,0.002,894094,1.1041916167664672
2941,Antibiotics,Antibiotics,0.008201,0.15300000000000002,0.935,1.098,989694,1.1025943396226416
9303,Other firearms,"Other firearms and similar devices which operate by the firing of an explosive charge (for example, sporting shot-guns and rifles, muzzle-loading firearms, Very pistols and other devices designed to project only signal flares, pistols and revolvers for fi",0.006573,0.14900000000000002,0.934,1.005,143942,1.0962441314553992
8305,"Paper clips and similar office articles, of metal","Fittings for looseleaf binders or files, letter clips, letter corners, paper clips,indexing tags and similar office articles, and parts thereof, of base metal; staples in strips (for example, for offices, upholstery, packaging), of base metal",0.023848,0.15900000000000003,0.922,0.759,252670,1.0950118764845607
9005,Binoculars and telescopes,"Binoculars, monoculars, other optical telescopes, and mountings therefor; other astronomical instruments and mountings therefor, but not including instruments for radio-astronomy; parts and accessories thereof",0.00404,0.16200000000000003,0.917,0.897,87074,1.092967818831943
8530,Electric signal and traffic controls,"Electrical signaling, safety or traffic control equipment for railways, streetcar lines, subways, roads, inland waterways, parking facilities, port installations or airfields (other than those of heading 8608); parts thereof",0.005706,0.14400000000000002,0.928,1.094,186467,1.0828471411901985
9006,Photographic cameras,Photographic (other than cinematographic) cameras; photographic flashlight apparatus and flashbulbs other than discharge lamps of heading 8539; parts and accessories thereof,0.041923,0.17400000000000004,0.889,1.05,1330549,1.07496977025393
8301,Padlocks and locks,"Padlocks and locks (key,combination or electrically operated), of base metal; clasps and frames with clasps, incorporating locks, of base metal; keys and parts of any of the foregoing articles, of base metal",0.120573,0.16900000000000004,0.893,1.011,21006981,1.0733173076923077
4008,Vulcanized rubber plates,"Plates, sheets, strip, rods and profile shapes, of vulcanized rubber other than hard rubber",0.098392,0.17100000000000004,0.887,1.045,5527032,1.0686746987951807
7416,Copper springs,Copper springs,0.030607,0.17200000000000004,0.884,1.093,1287991,1.066344993968637
8412,Other engines and motors,"Other engines and motors, and parts thereof",0.13079,0.14700000000000002,0.9,1.313,39467852,1.053864168618267
8535,Electrical apparatus for > 1k volts,"Electrical apparatus for switching or protecting electrical circuits, or for making connections to or in electrical circuits (for example, switches, fuses, lightning arresters, voltage limiters, surge suppressors, plugs and other connectors, junction boxe",0.055405,0.15800000000000003,0.885,1.176,7032884,1.0498220640569396
8406,Steam turbines,"Steam turbines and other vapor turbines, and parts thereof",0.021707,0.14200000000000002,0.896,1.26,942220,1.0430733410942958
8448,Auxiliary machinery for use with knitting and textile machines,"Auxiliary machinery for use with machines of heading 8444, 8445, 8446 or 8447 (for example, dobbies, Jacquards, automatic stop motions and shuttle changing mechanisms); parts and accessories suitable for use solely or principally with the machines of this",0.1403,0.16300000000000003,0.873,1.199,7964196,1.041766109785203
3005,"Wadding, gauze and bandages","Wadding, gauze, bandages and similar articles (for example, dressings, adhesive plasters, poultices), impregnated or coated with pharmaceutical substances or put up in forms or packings for retail sale for medical, surgical, dental or veterinary purposes",0.051303,0.15400000000000003,0.873,1.075,5894125,1.0306965761511215
8425,Pulleys and winches,Pulley tackle and hoists other than skip hoists; winches and capstans; jacks,0.147539,0.14100000000000001,0.881,1.125,14676483,1.0244186046511627
9105,Other clocks,Other clocks,0.007029,0.139,0.88,0.623,107599,1.0208816705336428
8108,Titanium,"Titanium and articles thereof, including waste and scrap",0.005953,0.11699999999999999,0.896,0.957,528540,1.0135746606334841
8468,Machinery for soldering,"Machinery and apparatus for soldering, brazing or welding, whether or not capable of cutting, other than those of heading 8515; gas-operated surface tempering machines and appliances; parts thereof",0.073942,0.15100000000000002,0.86,1.067,959943,1.011764705882353
3704,"Photographic film, not developed","Photographic plates, film, paper, paperboard and textiles, exposed but not developed",0.006174,0.16400000000000003,0.842,0.004,2070,1.005973715651135
8519,Sound reproducing apparatus,Sound recording or reproducing apparatus,0.106226,0.16700000000000004,0.837,0.904,4014485,1.0035971223021583
2928,Organix derivatives of hydrazine,Organic derivatives of hydrazine or of hydroxylamine,0.015995,0.14700000000000002,0.856,0.666,308007,1.0023419203747073
9023,Instruments designed for demonstrational purposes,"Instruments, apparatus and models, designed for demonstrational purposes (for example, in education or exhibitions), unsuitable for other uses, and parts and accessories thereof",0.095508,0.14100000000000001,0.859,0.951,4109159,0.9988372093023256
3006,Pharmaceutical goods,Pharmaceutical goods specified in note 4 to this chapter,0.088964,0.14700000000000002,0.853,0.998,17899679,0.9988290398126464
4812,Filter blocks of paper pulp,"Filter blocks, slabs and plates, of paper pulp",0.016262,0.15300000000000002,0.845,0.951,51070,0.9964622641509434
3918,Plastic floor coverings,"Floor coverings of plastics, whether or not self-adhesive, in rolls or in the form of tiles; wall or ceiling coverings of plastics, as defined in note 9 to this chapter",0.042719,0.16600000000000004,0.831,0.786,6438064,0.9952095808383233
3504,Peptones,"Peptones and their derivatives; other protein substances and their derivatives, not elsewhere specified or included; hide powder, whether or not chromed",0.00592,0.14200000000000002,0.85,0.861,320168,0.989522700814901
8805,Aircraft launching gear,Aircraft launching gear; deck-arrestor or similar gear; ground flying trainers; parts of the foregoing articles,0.009659,0.137,0.852,0.892,280724,0.986111111111111
8601,Electric trains,Rail locomotives powered from an external source of electricity or by electric accumulators (batteries),0.0,0.14,0.839,1.11,0,0.9744483159117305
5113,Woven fabrics of coarse animal hair,Woven fabrics of coarse animal hair or of horsehair,0.0,0.14800000000000002,0.831,0.004,0,0.9742086752637749
8701,Tractors,Tractors (other than tractors of heading 8709),0.045429,0.15000000000000002,0.824,1.013,47617479,0.9682726204465335
9018,Medical instruments,"Instruments and appliances used in medical, surgical, dental or veterinary sciences, including scintigraphic apparatus, other electro-medical apparatus and sight-testing instruments; parts and accessories thereof",0.115022,0.15200000000000002,0.822,0.948,227243330,0.9681978798586572
8432,Machinery for soil preparation or cultivation,"Agricultural, horticultural or forestry machinery for soil preparation or cultivation; lawn or sports ground rollers; parts thereof",0.017606,0.16400000000000003,0.809,0.813,2419351,0.9665471923536441
2918,Carboxylic acids with additional oxygen function,"Carboxylic acids with additional oxygen function and their anhydrides, halides, peroxides and peroxyacids; their halogenated, sulfonated, nitrated or nitrosated derivatives",0.018028,0.16900000000000004,0.786,0.913,2129169,0.9447115384615385
4006,Unvulcanized rubber rods,"Other forms (for example, rods, tubes and profile shapes) and articles (for example, discs and rings), of unvulcanized rubber",0.059057,0.14700000000000002,0.802,1.136,318976,0.9391100702576113
9025,"Thermometers, hydrometers etc.","Hydrometers and similar floating instruments, thermometers, pyrometers,barometers, hygrometers and psychrometers, recording or not, and any combination of these instruments; parts and accessories thereof",0.155041,0.16400000000000003,0.786,1.09,14295652,0.939068100358423
9101,Watches with precious metal,"Wrist watches, pocket watches and other watches, including stop watches, with case of precious metal or of metal clad with precious metal",0.01495,0.14400000000000002,0.804,0.636,3063767,0.9381563593932323
4807,Uncoated composite paper,"Composite paper and paperboard (made by sticking flat layers of paper or paperboard together with an adhesive), not surface-coated or impregnated, whether or not internally reinforced, in rolls or sheets",0.071904,0.14800000000000002,0.8,1.001,580802,0.9378663540445488
5907,"Other textile fabrics impregnated, coated or covered","Textile fabrics otherwise impregnated, coated or covered; painted canvas being theatrical scenery, studio back-cloths or the like:",0.190923,0.14500000000000002,0.802,0.798,1814288,0.9369158878504673
8502,Electric generating sets and rotary converters,Electric generating sets and rotary converters,0.063481,0.15500000000000003,0.792,1.021,18036473,0.9361702127659575
6814,Mica articles,"Worked mica and articles of mica, including agglomerated or reconstituted mica, whether or not on a support of paper, paperboard or other materials",0.003095,0.15500000000000003,0.79,1.014,13958,0.933806146572104
7322,Radiators for central heating of iron or steel,"Radiators for central heating, not electrically heated, and parts thereof, of iron or steel; air heaters and hot air distributors (including distributors which can also distribute fresh or conditioned air), not electrically heated, incorporating a motor-d",0.00561,0.16000000000000003,0.778,0.72,229785,0.9250891795481571
2936,Vitamins,"Provitamins and vitamins, natural or reproduced by synthesis (including natural concentrates), derivatives thereof used primarily as vitamins, and intermixtures of the foregoing, whether or not in any solvent",0.059259,0.137,0.799,1.204,6069315,0.9247685185185186
9304,"Other arms (air guns, truncheons, etc.)","Other arms (for example, spring, air or gas guns and pistols, truncheons), excluding those of heading 9307:",0.001096,0.15600000000000003,0.781,0.71,17062,0.9242603550295858
7504,Nickel powders,Nickel powders and flakes,0.0,0.124,0.8,0.483,0,0.9122006841505131
9102,Watches,"Wrist watches, pocket watches and other watches, including stopwatches, other than those of heading 9101",0.02186,0.17300000000000004,0.754,0.546,7005466,0.9106280193236715
2703,Peat,"Peat (including peat litter), whether or not agglomerated",0.005967,0.16100000000000003,0.761,0.766,117265,0.905952380952381
7606,Aluminum plates > 0.2 mm,"Aluminum plates, sheets and strip, of a thickness exceeding 0.2 mm",0.04829,0.16500000000000004,0.756,0.927,21323852,0.9043062200956938
3004,"Medicaments, packaged","Medicaments (excluding goods of heading 3002, 3005 or 3006) consisting of mixed or unmixed products for therapeutic or prophylactic uses, put up in measured doses (including those in the form of transdermal administration systems) or in forms or packings",0.093226,0.16600000000000004,0.755,0.858,471963963,0.9041916167664671
8716,Trailers and semi-trailers,"Trailers and semi-trailers; other vehicles, not mechanically propelled; and parts thereof",0.012977,0.16400000000000003,0.754,0.83,5768508,0.9008363201911589
8713,Wheelchairs,"Carriages for disabled persons, whether or not motorized or otherwise mechanically propelled",0.006392,0.16000000000000003,0.755,0.597,145177,0.8977407847800238
9405,Lamps,"Lamps and lighting fittings including searchlights and spotlights and parts thereof, not elsewhere specified or included; illuminated signs, illuminated nameplates and the like, having a permanently fixed light source, and parts thereof not elsewhere spec",0.067175,0.15000000000000002,0.763,0.762,50954592,0.8965922444183314
9019,Therapy applicances,"Mechano-therapy appliances; massage apparatus;psychological aptitude-testing apparatus; ozone therapy, oxygen therapy, aerosol therapy,artificial respiration or other therapeutic respiration apparatus; parts and accessories thereof",0.061809,0.15000000000000002,0.758,0.879,12986562,0.8907168037602821
8213,Scissors,"Scissors, tailors' shears and similar shears, and blades and other base metal parts thereof:",0.003861,0.15700000000000003,0.745,0.002,45098,0.8827014218009479
8302,"Base metal mountings, fittings and similar articles","Base metal mountings, fittings and similar articles suitable for furniture, doors,staircases, windows, blinds, coachwork, saddlery, trunks, chests, caskets or the like; base metal hat racks, hat-pegs, brackets and similar fixtures; castors with mountings",0.094097,0.16000000000000003,0.739,0.917,42712460,0.8787158145065399
8607,Parts of railway locomotives,Parts of railway or tramway locomotives or rolling stock,0.110774,0.15000000000000002,0.742,1.036,16990429,0.8719153936545241
3902,Polymers of propylene,"Polymers of propylene or of other olefins, in primary forms",0.075725,0.17600000000000005,0.716,0.698,33540461,0.8678787878787879
3001,Heparin for therapeutic use,"Glands and other organs for organotherapeutic uses, dried, whether or not powdered; extracts of glands or other organs or of their secretions for organotherapeutic uses; heparin and its salts; other human or animal substances prepared for therapeutic or p",0.013613,0.14900000000000002,0.735,0.817,874998,0.8626760563380281
2823,Titanium oxides,Titanium oxides,0.060018,0.15500000000000003,0.729,1.1,406580,0.8617021276595744
7412,Copper tube or pipe fittings,"Copper tube or pipe fittings(for example couplings, elbows, sleeves)",0.116294,0.14700000000000002,0.717,1.001,7848950,0.8395784543325526
1210,Hop cones,"Hop cones, fresh or dried, whether or not ground, powdered or in the form of pellets; lupulin",0.0,0.14,0.716,0.8,0,0.8315911730545876
8503,Parts for use with electric generators,Parts suitable for use solely or principally with the machines of heading8501 or 8502:,0.115183,0.16700000000000004,0.693,1.076,33944929,0.8309352517985611
8447,Knitting machines,"Knitting machines, stitch-bonding machines and machines for making gimped yarn, tulle, lace, embroidery, trimmings, braid or net and machines for tufting",0.039162,0.15300000000000002,0.704,1.026,1126460,0.830188679245283
7611,"Aluminum containers, >300 liters","Aluminium reservoirs,vats, tanks, etc, volume >300l",0.036407,0.15500000000000003,0.697,0.972,123068,0.8238770685579196
8403,Central heating boilers,Central heating boilers (other than those of heading 8402) and parts thereof,0.133046,0.16600000000000004,0.685,0.832,11360349,0.8203592814371259
7008,Multiple-walled insulating glass,Multiple-walled insulating units of glass,0.078156,0.17300000000000004,0.679,0.686,2372252,0.820048309178744
8608,Railway track fixtures,"Railway or tramway track fixtures and fittings; mechanical (including electro-mechanical) signaling, safety or traffic control equipment for railways, tramways, roads, inland waterways, parking facilities, port installations or airfields; parts of the for",0.049854,0.15700000000000003,0.692,1.006,625700,0.8199052132701421
8434,Dairy machinery,"Milking machines and dairy machinery, and parts thereof",0.020387,0.15400000000000003,0.691,0.873,577087,0.8158205430932703
9616,Scent sprays,"Scent sprayers and similar toilet sprayers, and mounts and heads therefor; powder puffs and pads for the application of cosmetics or toilet preparations",0.090691,0.14500000000000002,0.697,0.623,2011370,0.8142523364485981
2806,Hydrochloric acid,Hydrogen chloride (Hydrochloric acid); chlorosulfuric acid,0.002337,0.18000000000000005,0.663,0.69,13726,0.8075517661388552
8112,Other metals,"Beryllium, chromium,germanium, vanadium, gallium, hafnium, indium, niobium (columbium), rhenium and thallium,and articles of these metals, including waste and scrap",0.003503,0.15100000000000002,0.684,0.837,97009,0.8047058823529413
7018,Glass beads,"Glass beads, imitation pearls, imitation precious or semiprecious stones and similar glass smallwares and articles thereof other than imitation jewelry; glass eyes other than prosthetic articles; statuettes and other ornaments of lamp-worked glass, other",0.024277,0.14800000000000002,0.68,0.003,653178,0.7971864009378664
5801,Woven pile fabrics,"Woven pile fabrics and chenille fabrics, other than fabrics of heading 5802 or 5806",0.121881,0.16800000000000004,0.664,0.785,3171049,0.7971188475390156
4906,"Architectural, engineering, etc. drawings","Plans and drawings for architectural, engineering, industrial, commercial, topographical or similar purposes, being originals drawn by hand; handwritten texts; photographic reproductions on sensitized paper and carbon copies of the foregoing",0.196168,0.15400000000000003,0.675,0.004,183599,0.7969303423848879
7118,Coin,Coin,0.002095,0.14200000000000002,0.683,0.982,18843,0.7951105937136206
5309,Woven fabrics of flax,Woven fabrics of flax,0.00614,0.16600000000000004,0.66,0.834,154882,0.7904191616766468
7007,Safety glass,"Safety glass, consisting of toughened (tempered) or laminated glass",0.197326,0.17900000000000005,0.645,0.822,29617737,0.7846715328467154
9020,Other breathing appliances and gas masks,"Other breathing appliances and gas masks, excluding protective masks having neither mechanical parts nor replaceable filters; parts and accessories thereof:",0.019041,0.14500000000000002,0.668,1.009,464008,0.780373831775701
9504,Games,"Articles for arcade, table or parlor games, including pinball machines, bagatelle, billiards and special tables for casino games; automatic bowling alley equipment; parts and accessories thereof",0.030011,0.17500000000000004,0.643,0.998,14128398,0.7784503631961259
8459,Machine tools for drilling by removing metal,"Machine tools (including way-type unit head machines) for drilling, boring, milling, threading or tapping by removing metal, other than lathes (including turning centers) of heading 8458",0.030152,0.14700000000000002,0.659,1.213,1071887,0.7716627634660422
4908,Transfers (decalcomanias),Transfers (decalcomanias),0.075784,0.16500000000000004,0.641,1.099,896519,0.7667464114832536
3816,Refractory cements,"Refractory cements, mortars, concretes except graphite",0.041008,0.16300000000000003,0.641,1.015,1362700,0.7649164677804297
5606,Gimp yarn,"Gimp yarn & strip, synthetic or artificial monofilament",0.09397,0.16600000000000004,0.627,0.894,684493,0.7508982035928145
3206,Other coloring matter,"Other coloring matter; preparations as specified in note 3 to this chapter, other than those of heading 3203, 3204 or 3205; inorganic products of a kind used as luminophores, whether or not chemically defined",0.121364,0.14500000000000002,0.641,0.818,19286099,0.7488317757009346
7613,Aluminum containers for compressed or liquefied gas,Aluminum containers for compressed or liquefied gas,0.1226,0.14500000000000002,0.638,1.067,982770,0.7453271028037384
8706,Vehicle chassis fitted with engines,"Chassis fitted with engines, for the motor vehicles of headings 8701 to 8705:",0.078496,0.16800000000000004,0.619,0.686,2540116,0.7430972388955582
3813,Preparations for fire extinguishers,Preparations and charges for fire extinguishers; charged fire-extinguishing grenades:,0.011439,0.15400000000000003,0.619,0.864,51046,0.730814639905549
3804,Residual lyes,"Residual lyes from the manufacture of wood pulp, whether or not concentrated, desugared or chemically treated, including lignin sulfonates, but excluding tall oil of heading 3803",0.009633,0.14500000000000002,0.621,0.841,59941,0.7254672897196262
5111,Woven fabrics of carded wool,Woven fabrics of carded wool or of carded fine animal hair,0.015513,0.14500000000000002,0.62,0.914,180253,0.7242990654205608
3811,Anti-knock,"Antiknock preparations, oxidation inhibitors, gum inhibitors, viscosity improvers, anti-corrosive preparations and other prepared additives, for mineral oils (including gasoline) or for other liquids used for the same purposes as mineral oils",0.038914,0.16200000000000003,0.607,0.684,6089549,0.7234803337306317
3601,Propellant powders,Propellant powders,0.0,0.16100000000000003,0.606,0.721,0,0.7214285714285714
3913,Natural polymers,"Natural polymers (for example, alginic acid) and modified natural polymers (for example, hardened proteins, chemical derivatives of natural rubber), not elsewhere specified or included, in primary forms",0.15941,0.14400000000000002,0.617,0.941,7135412,0.7199533255542591
7224,Other alloy steel in primary form,Other alloy steel in ingots or other primary forms; semi- finished products of other alloy steel,0.149752,0.15200000000000002,0.608,0.992,7325042,0.7161366313309776
5502,Artificial filament tow,Artificial filament tow,0.111292,0.14100000000000001,0.611,0.884,3803016,0.7104651162790697
7325,Other cast articles of iron or steel,Other cast articles of iron or steel,0.135427,0.17500000000000004,0.586,0.8,13233848,0.7094430992736077
8546,Electrical insulators of any material,Electrical insulators of any material,0.121404,0.16800000000000004,0.588,0.984,3806989,0.7058823529411765
8426,Ships' derricks; cranes,"Ships' derricks; cranes, including cable cranes; mobile lifting frames, straddle carriers and works trucks fitted with a crane",0.194268,0.15000000000000002,0.59,1.178,40550945,0.6933019976498237
6603,Parts of umbrellas or walking sticks,"Parts, trimmings and accessories of articles of heading 6601 or 6602",0.064144,0.17500000000000004,0.563,0.679,314118,0.6815980629539952
7907,Other articles of zinc,Other articles of zinc:,0.195701,0.17500000000000004,0.563,0.722,3064791,0.6815980629539952
7616,Other articles of aluminum,Other articles of aluminum,0.072202,0.17200000000000004,0.551,0.916,19079656,0.6646562123039808
2906,Cyclic alcohols,"Cyclic alcohols and their halogenated, sulfonated, nitrated or nitrosated derivatives",0.062833,0.17100000000000004,0.551,0.983,1602497,0.663855421686747
5405,"Artificial monofilament >67dtex t<1mm, strip, straws t<5mm","Artificial monofilament of 67 decitex or more and of which no cross-sectional dimension exceeds 1 mm; strip and the like (for example, artificial straw) of artificial textile materials of an apparent width not exceeding 5 mm:",0.0,0.16300000000000003,0.554,0.003,0,0.6610978520286397
6914,Other ceramic articles,Other ceramic articles,0.147386,0.17800000000000005,0.54,0.815,4210652,0.6561360874848118
8308,"Clasps, buckles etc. of metal","Clasps, frames with clasps, buckles, buckle clasps, hooks, eyes, eyelets and the like and parts thereof, of base metal, of a kind used for clothing, footwear, awnings, handbags,travel goods or other made up articles; tubular or bifurcated rivets of base m",0.047685,0.18100000000000005,0.527,0.782,2408391,0.6426829268292683
8205,Hand tools n.e.c.,"Hand tools (including glass cutters) not elsewhere specified or included; blowtorches and similar self-contained torches; vises, clamps and the like, other than accessories for and parts of machine tools; anvils; portable forges; hand- or pedal-operated g",0.039311,0.134,0.557,1.026,4015713,0.6424452133794695
2708,Pitch and pitch coke,"Pitch and pitch coke, obtained from coal tar or from other mineral tars",0.030779,0.18000000000000005,0.527,0.601,763179,0.6419001218026797
7904,Zinx bars and wire,"Zinc bars, rods, profiles and wire",0.075913,0.17600000000000005,0.528,0.847,183284,0.64
0203,Pork,"Meat of swine, fresh, chilled or frozen",0.0,0.14400000000000002,0.548,1.004,0,0.6394399066511086
6702,Artificial flowers,"Artificial flowers, foliage and fruit and parts thereof; articles made of artificial flowers, foliage or fruit",0.076356,0.17300000000000004,0.528,0.001,4314580,0.6376811594202899
2815,Sodium hydroxide,Sodium hydroxide (Caustic soda); potassium hydroxide (Caustic potash); peroxides of sodium or potassium,0.189666,0.17100000000000004,0.524,0.914,17862000,0.6313253012048193
8206,Retail tool sets,"Tools of two or more of headings 8202 to 8205, put up in sets for retail sale",0.03537,0.16100000000000003,0.523,0.584,670953,0.6226190476190476
7111,Platinum clad metals,"Base metals, silver or gold, clad with platinum, not further worked than semimanufactured",0.00084,0.18100000000000005,0.509,0.763,2985,0.6207317073170732
7110,Platinum,"Platinum, unwrought or in semimanufactured forms, or in powder form",0.0,0.133,0.534,0.856,0,0.6152073732718895
4814,Wallpaper,Wallpaper and similar wallcoverings; window transparencies of paper,0.007818,0.16600000000000004,0.508,0.899,151568,0.6083832335329342
2923,Quaternary ammonium salts and hydroxides,"Quaternary ammonium salts and hydroxides; lecithins and other phosphoaminolipids, whether or not chemically defined",0.04192,0.16000000000000003,0.502,0.879,1471501,0.5969084423305588
8106,Bismuth,"Bismuth and articles thereof, including waste and scrap",0.003836,0.15200000000000002,0.504,0.004,3154,0.5936395759717314
8109,Zirconium,"Zirconium and articles thereof, including waste and scrap",0.0,0.128,0.518,0.694,0,0.5933562428407789
4701,Mechanical woodpulp,Mechanical woodpulp,0.0,0.14900000000000002,0.505,0.742,0,0.5927230046948357
1109,Wheat gluten,"Wheat gluten, whether or not dried",0.050503,0.15200000000000002,0.502,0.793,1253976,0.591283863368669
3003,"Medicaments, not packaged","Medicaments (excluding goods of heading 3002, 3005 or 3006) consisting of two or more constituents which have been mixed together for therapeutic or prophylactic uses, not put up in measured doses or in forms or packings for retail sale",0.114282,0.15800000000000003,0.494,0.823,20316710,0.5860023724792408
3803,Tall oil,"Tall oil, whether or not refined",0.106638,0.15800000000000003,0.493,0.494,649740,0.5848161328588375
2821,Iron oxides and hydroxides,Iron oxides and hydroxides; earth colors containing 70 percent or more by weight of combined iron evaluated as Fe2O3,0.036145,0.17100000000000004,0.484,0.902,390518,0.5831325301204819
5605,Metallised yarn,"Metalized yarn, whether or not gimped, being textile yarn, or strip or the like of heading 5404 or 5405, combined with metal in the form of thread, strip or powder or covered with metal:",0.182601,0.16600000000000004,0.483,0.842,443996,0.578443113772455
8411,Gas turbines,"Turbojets, turbo propellers and other gas turbines, and parts thereof",0.057729,0.15300000000000002,0.485,0.851,104759651,0.5719339622641509
5604,Rubber textiles,"Rubber thread and cord, textile covered; textile yarn, and strip and the like of heading 5404 or 5405, impregnated, coated, covered or sheathed with rubber or plastics",0.184243,0.16500000000000004,0.475,0.876,1893482,0.5681818181818182
5002,Raw silk,Raw silk (not thrown),0.003047,0.17000000000000004,0.467,0.496,15629,0.5619735258724429
8415,Air conditioners,"Air conditioning machines, comprising a motor-driven fan and elements for changing the temperature and humidity, including those machines in which the humidity cannot be separately regulated; parts thereof",0.15174,0.17600000000000005,0.457,0.756,111750443,0.553939393939394
9004,Glasses,"Spectacles, goggles and the like, corrective, protective or other",0.008255,0.15400000000000003,0.466,0.64,1149822,0.5501770956316411
8453,Machinery for preparing leather,"Machinery for preparing, tanning or working hides, skins or leather or for making or repairing footwear or other articles of hides, skins or leather, other than sewing machines; parts thereof",0.064399,0.16200000000000003,0.459,0.831,699277,0.5470798569725864
3922,"Baths, sinks etc.","Baths, shower baths, sinks, washbasins, bidets, lavatory pans, seats and covers, flushing cisterns and similar sanitary ware, of plastics",0.049662,0.17600000000000005,0.451,0.749,3103413,0.5466666666666667
7411,Copper tubes and pipes,Copper tubes and pipes,0.034338,0.18000000000000005,0.448,0.836,3623824,0.5456760048721072
3304,Make-up preparations,"Beauty or make-up preparations and preparations for the care of the skin (other than medicaments), including sunscreen or sun tan preparations; manicure or pedicure preparations",0.183815,0.16600000000000004,0.453,0.72,147802760,0.5425149700598803
7019,Glass fibers,"Glass fibers (including glass wool) and articles thereof (for example, yarn, woven fabrics)",0.028359,0.17700000000000005,0.443,0.716,4357794,0.537621359223301
5004,Silk yarn,Silk yarn (other than yarn spun from silk waste) not put up for retail sale,0.00056,0.16800000000000004,0.442,0.592,1920,0.5306122448979592
3214,Glaziers' putty,"Glaziers' putty, grafting putty, resin cements, caulking compounds and other mastics; painters' fillings; nonrefractory surfacing preparations for facades, indoor walls, floors, ceilings or the like",0.066473,0.17400000000000004,0.437,0.751,8361297,0.528415961305925
8438,Machinery for the industrial preparation of food or drink,"Machinery, not specified or included elsewhere in this chapter, for the industrial preparation or manufacture of food or drink, other than machinery for the extraction or preparation of animal or fixed vegetable fats or oils; parts thereof",0.037269,0.15800000000000003,0.445,0.958,7082060,0.5278766310794781
0502,Brushmaking hair,"Pigs', hogs' or boars' bristles and hair; badger hair and other brushmaking hair; waste of such bristles or hair",0.0,0.14300000000000002,0.451,0.003,0,0.5256410256410257
9608,Pens,"Ball point pens; felt tipped and other porous-tipped pens and markers;fountain pens, stylograph pens and other pens; duplicating styli; propelling or sliding pencils (for example, mechanical pencils); pen-holders, pencil-holders and similar holders; part",0.133144,0.16100000000000003,0.439,0.924,11702553,0.5226190476190476
8709,Work trucks,"Works trucks, self-propelled, not fitted with lifting or handling equipment, of the type used in factories,warehouses, dock areas or airports for short distance transport of goods; tractors of the type used on railway station platforms; parts of the foreg",0.092886,0.15600000000000003,0.437,0.988,2296567,0.5171597633136095
4911,Other printed matter,"Other printed matter, including printed pictures and photographs",0.080515,0.16700000000000004,0.411,0.838,9952934,0.49280575539568344
3502,Albumins,"Albumins (including concentrates of two or more whey proteins, containing by weight more than 80 percent whey proteins, calculated on the dry matter), albuminates and other albumin derivatives",0.000559,0.133,0.425,0.901,18486,0.48963133640552997
7211,"Flat-rolled iron, width < 600mm, not clad","Flat-rolled products of iron or nonalloy steel, of a width of less than 600 mm, not clad, plated or coated",0.04025,0.16200000000000003,0.401,0.78,2429313,0.4779499404052444
0209,Pig and poultry fat,"Pig fat, free of lean meat, and poultry fat, not rendered or otherwise extracted, fresh, chilled, frozen, salted, in brine, dried or smoked",0.0,0.15300000000000002,0.4,0.928,0,0.47169811320754723
9003,"Frames for spectacles, goggles","Frames and mountings for spectacles, goggles or the like, and parts thereof",0.012945,0.16600000000000004,0.386,0.818,931051,0.46227544910179647
8604,Railway service vehicles,"Railway or tramway maintenance or service vehicles, whether or not self-propelled (for example, workshops, cranes, ballast tampers, trackliners, testing coaches and track inspection vehicles)",0.018672,0.139,0.384,0.828,256645,0.4454756380510441
6905,Architectural ceramic ornaments,"Roofing tiles, chimney pots, cowls, chimney liners, architectural ornaments and other ceramic constructional goods",0.055545,0.17800000000000005,0.366,0.702,512629,0.44471445929526127
9508,Fairground amusements,"Merry-go-rounds, boat-swings, shooting galleries and other fairground amusements; traveling circuses and traveling menageries; traveling theaters;parts and accessories thereof",0.014992,0.15500000000000003,0.37,0.755,282317,0.4373522458628842
7409,"Copper plates, sheets and strip > 0.15 mm","Copper plates, sheets and strip, of a thickness exceeding0.15 mm",0.050659,0.15500000000000003,0.368,0.894,5775792,0.43498817966903075
5106,"Yarn of carded wool, not for retail sale","Yarn of carded wool, not put up for retail sale",0.013095,0.15600000000000003,0.361,0.742,82103,0.4272189349112426
7419,Other articles of copper,Other articles of copper,0.018952,0.16000000000000003,0.351,1.012,120625,0.4173602853745541
1506,Other animal fats and oils,"Other animal fats and oils and their fractions, whether or not refined, but not chemically modified",0.000362,0.14700000000000002,0.353,0.7,2190,0.41334894613583134
3703,Photographic paper,"Photographic paper, paperboard and textiles, sensitized, unexposed",0.02339,0.15200000000000002,0.345,0.67,111704,0.40636042402826855
9701,Paintings and drawings,"Paintings, drawings and pastels, executed entirely by hand, other than drawings of heading 4906 and other than hand-painted or hand-decorated manufactured articles; collages and similar decorative plaques; all therefore going framed or not framed",0.016078,0.129,0.35,0.726,3560890,0.4013761467889908
8405,Water gas generators,"Producer gas or water gas generators, with or without their purifiers; acetylene gas generators and similar water process gas generators, with or without their purifiers; parts thereof",0.120354,0.17800000000000005,0.324,0.731,1292465,0.39368165249088705
0404,Whey,"Whey, whether or not concentrated or containing added sugar or other sweetening matter; products consisting of natural milk constituents, whether or not containing added sugar or other sweetening matter, not elsewhere specified or included",0.001816,0.16000000000000003,0.325,0.709,108256,0.3864447086801427
3405,Polishes and creams,"Polishes and creams, for footwear, furniture, floors, coachwork, glass or metal, scouring pastes and powders and similar preparations (whether or not in the form of paper, wadding, felt, nonwovens, cellular plastics or cellular rubber, impregnated, coated",0.064152,0.17200000000000004,0.31,0.709,1899107,0.3739445114595899
8801,"Gliders, hang gliders","Gliders, hang gliders",0.015251,0.17000000000000004,0.303,0.003,17086,0.36462093862815886
4901,"Books, brochures etc.","Printed books, brochures, leaflets and similar printed matter, whether or not in single sheets",0.05215,0.17700000000000005,0.3,0.673,8619075,0.3640776699029126
1806,Chocolates,Chocolate and other food preparations containing cocoa,0.157406,0.17600000000000005,0.292,0.617,66928656,0.35393939393939394
6601,Umbrellas,"Umbrellas and sun umbrellas (including walking-stick umbrellas, garden umbrellas and similar umbrellas)",0.069006,0.17400000000000004,0.279,0.002,2630759,0.33736396614268443
8704,Motor vehicles for transporting goods,Motor vehicles for the transport of goods,0.17483,0.16200000000000003,0.273,0.664,384668242,0.3253873659117998
4303,Furskin apparel,"Articles of apparel, clothing accessories and other articles of furskin",0.069763,0.15600000000000003,0.269,0.572,1639118,0.3183431952662722
0101,Horses,"Live horses, asses, mules or hinnies",0.0,0.14400000000000002,0.272,0.817,0,0.31738623103850644
7804,Lead foil <2mm,Lead foil of a thickness <2mm,0.004667,0.16300000000000003,0.261,0.666,21602,0.31145584725536996
5109,"Yarn of wool or animal hair, for retail sale","Yarn of wool or of fine animal hair, put up for retail sale",0.008058,0.15100000000000002,0.264,0.653,43792,0.31058823529411766
7905,Zinc plates and foil,"Zinc plates, sheets, strip and foil",0.001735,0.14800000000000002,0.257,1.1,13607,0.30128956623681125
8437,Machinery for processing grain,"Machines for cleaning, sorting or grading seed, grain or dried leguminous vegetables, and parts thereof; machinery used in the milling industry or for the working of cereals or dried leguminous vegetables, other than farm type machinery; parts thereof",0.048591,0.17100000000000004,0.247,0.698,1337445,0.29759036144578316
9007,Cinematographic cameras and projectors,"Cinematographic cameras and projectors, whether or not incorporating sound recording or reproducing apparatus; parts and accessories thereof",0.143947,0.16700000000000004,0.23,0.716,1177855,0.27577937649880097
8304,"Paper trays and similar office equipment, of base metal","Desk-top filing or card-index cabinets, paper trays, paper rests, pen trays, office-stamp stands and similar office or desk equipment and parts thereof, of base metal, other than office furniture of heading 9403",0.081788,0.17700000000000005,0.221,0.002,300504,0.2682038834951456
4416,"Casks, barrels, etc. of wood","Casks, barrels, vats, tubs and other coopers' products and parts thereof, of wood, including staves",0.003885,0.15600000000000003,0.225,0.694,58774,0.26627218934911245
7228,Other bars and rods of other alloy steel,"Other bars and rods of other alloy steel; angles, shapes and sections, of other alloy steel; hollow drill bars and rods, of alloy or non-alloy steel",0.024476,0.17800000000000005,0.218,0.709,3719225,0.26488456865127585
9008,Still image projectors,"Image projectors, other than cinematographic; photographic (other than cinematographic) enlargers and reducers; parts and accessories thereof",0.003896,0.16200000000000003,0.219,0.679,12732,0.26102502979737785
8804,Parachutes,Parachutes (including dirigible parachutes and paragliders) and rotochutes; parts thereof and accessories thereto,0.023482,0.16900000000000004,0.217,0.671,132687,0.2608173076923077
6602,Walking sticks,"Walking-sticks, seat-sticks, whips, riding-crops and the like",0.072367,0.15700000000000003,0.22,0.613,241624,0.26066350710900477
1514,"Rapeseed, colza or mustard oil,","Rapeseed, colza or mustard oil, and fractions thereof, whether or not refined, but not chemically modified",0.002468,0.16100000000000003,0.215,0.653,413601,0.25595238095238093
3606,Ferrocerium and other pyrophoric alloys,Ferrocerium and other pyrophoric alloys in all forms; articles of combustible materials as specified in note 2 to this chapter,0.044554,0.18100000000000005,0.207,0.619,203869,0.2524390243902439
9109,"Clock movements, complete","Clock movements, complete and assembled",0.010699,0.16400000000000003,0.208,0.004,7021,0.24850657108721624
7227,Bars of other alloy steel,"Bars and rods, hot-rolled, in irregularly wound coils, of other alloy steel",0.085294,0.16200000000000003,0.206,0.899,3965316,0.24553039332538737
8903,Pleasure or sport boats,Yachts and other vessels for pleasure or sports; row boats and canoes,0.022033,0.15600000000000003,0.2,0.874,4861859,0.2366863905325444
8715,Baby carriages,Baby carriages (including strollers) and parts thereof,0.005405,0.16100000000000003,0.197,0.699,152820,0.23452380952380955
5107,"Yarn of combed wool, not for retail sale","Yarn of combed wool, not put up for retail sale",0.005079,0.17100000000000004,0.19,1.011,80972,0.22891566265060243
8602,Other rail locomotives,Other rail locomotives; locomotive tenders,0.000276,0.14300000000000002,0.19,0.705,4943,0.22144522144522144
1003,Barley,Barley,5.4e-05,0.15400000000000003,0.187,0.635,6906,0.2207792207792208
7212,"Flat-rolled iron, width < 600mm, clad","Flat-rolled products of iron or nonalloy steel, of a width of less than 600 mm, clad, plated or coated",0.146454,0.18000000000000005,0.175,0.752,10390296,0.21315468940316687
7004,Drawn and blown glass,"Drawn glass and blown glass, in sheets, whether or not having an absorbent, reflecting or non-reflecting layer, but not otherwise worked",0.040406,0.16100000000000003,0.175,0.599,381836,0.20833333333333331
1501,"Pig and poultry fat, rendered","Lard, other pig fat and poultry fat, rendered",0.017338,0.17300000000000004,0.169,0.725,178342,0.20410628019323673
4410,Particle board and similar board,"Particle board, oriented strand board (OSB) and similar board (for example, waferboard) of wood or other ligneous materials, whether or not agglomerated with resins or other organic binding substances",0.109921,0.18100000000000005,0.158,0.502,13235730,0.1926829268292683
8435,Machines for wine and juice production,"Presses, crushers and similar machinery, used in the manufacture of wine, cider, fruit juices or similar beverages; parts thereof",0.006125,0.15200000000000002,0.162,0.839,32668,0.19081272084805656
5302,Hemp fiber,"True hemp (Cannabis sativa L.), raw or processed but not spun; tow and waste of true hemp (including yarn waste and garnetted stock)",0.0,0.16500000000000004,0.153,0.003,0,0.18301435406698566
8210,"Hand-operated appliances, food preparation, <10kg","Hand-operated mechanical appliances, weighing 10 kg or less, used in the preparation, conditioning or serving of food or drink, and base metal parts thereof",0.009783,0.16100000000000003,0.148,0.613,74836,0.17619047619047618
1505,Wool grease,Wool grease and fatty substances derived therefrom (including lanolin),0.002448,0.14200000000000002,0.151,0.872,6885,0.17578579743888242
7413,"Copper wire, uninsulated","Stranded wire, cables, plaited bands and the like, including slings and similar articles, of copper, not electrically insulated:",0.029066,0.16100000000000003,0.143,0.706,938504,0.17023809523809524
9208,"Other musical instruments, n.e.c.","Musicboxes, fairground organs, mechanical street organs, mechanical singing birds, musical saws and other musical instruments not falling within any other heading of this chapter; decoy calls of all kinds; whistles, call horns and other mouth-blown sound",0.119654,0.15300000000000002,0.135,0.492,259233,0.15919811320754718
9015,Surveying instruments,"Surveying (including photogrammetrical surveying), hydrographic, oceanographic, hydrological, meteorological or geophysical instruments and appliances, excluding compasses; rangefinders; parts and accessories thereof",0.095271,0.16200000000000003,0.129,0.644,11899147,0.15375446960667463
2621,Other slag and ash,"Other slag and ash, including seaweed ash (kelp); ash and residues from the incineration of municipal waste",0.0579,0.17800000000000005,0.119,0.796,328965,0.1445929526123937
9604,Hand sieves and riddles,Hand sieves and hand riddles,0.145764,0.17600000000000005,0.113,0.003,73732,0.136969696969697
9306,Munitions of war,"Bombs, grenades, torpedoes,mines, missiles and similar munitions of war and parts thereof; cartridges and other ammunition and projectiles and parts thereof, including shot and cartridge wads",0.059457,0.17200000000000004,0.11,0.427,8216602,0.13268998793727382
6215,"Ties, bow ties and cravats","Ties, bow ties and cravats",0.016793,0.14500000000000002,0.109,0.64,88834,0.12733644859813084
0406,Cheese,Cheese and curd,0.022009,0.18000000000000005,0.103,0.533,10527706,0.12545676004872108
8803,Parts of other aircraft,Parts of goods of heading 8801or 8802,0.118724,0.17100000000000004,0.104,0.666,105913646,0.12530120481927712
8310,Sign plates and similar plates of base metal,"Sign plates, name plates, address plates and similar plates, numbers, letters and other symbols, and parts thereof, of base metal, excluding those of heading 9405",0.053327,0.16600000000000004,0.104,0.704,611371,0.12455089820359282
9613,Cigarette lighters,"Cigarette lighters and other lighters, whether or not mechanical or electrical, and parts thereof other than flints and wicks",0.018059,0.17000000000000004,0.099,0.535,454949,0.11913357400722023
1004,Oats,Oats,0.000236,0.14900000000000002,0.1,0.509,3412,0.11737089201877936
3203,Coloring matter of animal or vegetable origin,"Coloring matter of vegetable or animal origin (including dyeing extracts but excluding animal black), whether or not chemically defined; preparations as specified in note 3 to this chapter based on coloring matter of vegetable or animal origin",0.043732,0.15200000000000002,0.096,0.985,872663,0.11307420494699646
5108,"Yarn of animal hair, not for retail sale","Yarn of fine animal hair (carded or combed), not put up for retail sale",0.0,0.15300000000000002,0.066,0.002,0,0.0778301886792453
4910,Calendars,"Calendars of any kind, printed, including calendar blocks:",0.147386,0.17300000000000004,0.064,0.813,836846,0.07729468599033817
6906,Ceramic pipes,"Ceramic pipes, conduits, guttering and pipe fittings",0.0,0.17000000000000004,0.063,0.003,0,0.07581227436823106
8705,Special purpose motor vehicles,"Special purpose motor vehicles, other than those principally designed for the transport of persons or goods (for example,wreckers, mobile cranes, fire fighting vehicles, concrete mixers, road sweepers, spraying vehicles, mobile workshops, mobile radiologi",0.04741,0.16800000000000004,0.063,0.736,9613455,0.07563025210084034
5811,Quilted textile products,"Quilted textile products in the piece, composed of one or more layers of textile materials assembled with padding by stitching or otherwise, other than embroidery of heading 5810:",0.115781,0.18000000000000005,0.06,0.493,387205,0.0730816077953715
7104,Synthetic precious stones,"Synthetic or reconstructed precious or semi-precious stones, whether or not worked or graded but not strung, mounted or set; ungraded synthetic or reconstructed precious or semi-precious stones, temporarily strung for convenience of transport",0.008797,0.18100000000000005,0.049,0.422,438733,0.059756097560975614
5007,Woven silk fabrics,Woven fabrics of silk or of silk waste,0.035596,0.17000000000000004,0.045,0.592,391797,0.05415162454873646
5904,Linoleum,"Linoleum, whether or not cut to shape; floor coverings consisting of a coating or covering applied on a textile backing, whether or not cut to shape",0.02305,0.14900000000000002,0.035,0.572,75237,0.04107981220657277
1205,Rape or colza seeds,"Rape or colza seeds, whether or not broken",0.0,0.15700000000000003,0.021,0.412,0,0.02488151658767773
7215,Other bars and rods of iron or nonalloy steel,Other bars and rods of iron or nonalloy steel,0.02386,0.17600000000000005,0.008,0.673,784066,0.009696969696969697
9113,Watch straps,"Watch straps, watch bands and watch bracelets, and parts thereof",0.024453,0.16500000000000004,0.008,0.879,630981,0.009569377990430623
3205,Color lakes,Color lakes; preparations as specified in note 3 to this chapter based on color lakes,0.012519,0.17400000000000004,-0.01,0.601,47183,-0.012091898428053206
2849,Carbides,"Carbides, whether or not chemically defined",0.030935,0.15900000000000003,-0.011,0.519,746212,-0.013064133016627079
3604,Fireworks,"Fireworks, signaling flares, rain rockets, fog signals and other pyrotechnic articles",0.057762,0.16900000000000004,-0.021,0.639,1102896,-0.02524038461538462
0210,Preserved meat,"Meat and edible meat offal, salted, in brine, dried or smoked; edible flours and meals of meat or meat offal",0.067884,0.17400000000000004,-0.023,0.441,4276120,-0.02781136638452237
7321,Stoves and similar non-electric appliances of iron or steel,"Stoves, ranges, grates, cookers (including those with subsidiary boilers for central heating), barbecues, braziers, gas rings, plate warmers and similar nonelectric domestic appliances, and parts thereof, of iron or steel",0.095946,0.17900000000000005,-0.025,0.611,13048017,-0.030413625304136258
1105,Potato flour,"Flour, meal, powder, flakes, granules and pellets of potatoes",0.052247,0.16800000000000004,-0.03,0.62,768116,-0.03601440576230492
2209,Vinegars,Vinegar and substitutes for vinegar obtained from acetic acid,0.064427,0.15700000000000003,-0.033,0.742,644896,-0.03909952606635071
7115,Other articles of precious metals,Other articles of precious metal or of metal clad with precious metal,0.008589,0.17300000000000004,-0.034,0.66,811053,-0.04106280193236715
2303,Starch residues,"Residues of starch manufacture and similar residues, beet-pulp, bagasse and other waste of sugar manufacture, brewing or distilling dregs and waste, whether or not in the form of pellets",0.050279,0.15800000000000003,-0.039,0.466,4203696,-0.04626334519572954
7324,Sanitary ware and parts of iron or steel,"Sanitary ware and parts thereof, of iron or steel",0.065371,0.17600000000000005,-0.042,0.421,3510592,-0.05090909090909092
8520,Magnetic tape recorders,Magnetic Tape Recorders and Other Sound Recording Apparatus,0.032943,0.18000000000000005,-0.065,0.001,3982,-0.07917174177831914
2827,"Chlorides, bromides, iodides etc.","Chlorides, chloride oxides and chloride hydroxides; bromides and bromide oxides; iodides and iodide oxides",0.184698,0.17100000000000004,-0.066,0.658,8286813,-0.07951807228915664
5301,"Flax, raw or processed","Flax, raw or processed but not spun; flax tow and waste (including yarn waste and garnetted stock)",0.000583,0.15100000000000002,-0.072,0.447,11662,-0.08470588235294117
2206,Other fermented beverages,"Other fermented beverages (for example, cider, perry, mead); mixtures of fermented beverages and mixtures of fermented beverages and non-alcoholic beverages, not elsewhere specified or included",0.004183,0.17500000000000004,-0.077,0.483,86112,-0.09322033898305085
7502,Nickel unwrought,Unwrought nickel,0.193849,0.15400000000000003,-0.09,0.492,35344840,-0.10625737898465171
4201,Saddlery and harnesses,"Saddlery and harness for any animal (including traces, leads, knee pads, muzzles, saddle cloths, saddle bags, dog coats and the like), of any material",0.086913,0.17800000000000005,-0.09,0.797,2508027,-0.10935601458080195
8107,Cadmium,"Cadmium and articles thereof, including waste and scrap",0.0,0.16800000000000004,-0.096,0.003,0,-0.11524609843937576
1107,Malt,"Malt, whether or not roasted",0.000232,0.17000000000000004,-0.1,0.475,15111,-0.12033694344163659
2840,Borates,Borates; peroxoborates (perborates),0.001281,0.16200000000000003,-0.109,0.314,20578,-0.1299165673420739
2837,Cyanides,"Cyanides, cyanide oxides and complex cyanides",0.001068,0.15600000000000003,-0.111,0.553,18850,-0.13136094674556215
3213,Artists' colors,"Artists', students' or signboard painters' colors, modifying tints, amusement colors and the like, in tablets, tubes, jars, bottles, pans or in similar forms or packings",0.005191,0.17900000000000005,-0.115,0.646,57005,-0.1399026763990268
2819,Chromium oxides and hydroxides,Chromium oxides and hydroxides,0.0,0.16900000000000004,-0.124,0.338,0,-0.14903846153846154
8802,Other aircraft and spacecraft,"Other aircraft (for example,helicopters, airplanes); spacecraft (including satellites) and suborbital and spacecraft launch vehicles",0.052318,0.14,-0.133,0.748,72423923,-0.15447154471544716
8513,Portable electric lamps,"Portable electric lamps designed to function by their own source of energy (for example, dry batteries, storage batteries, magnetos), other than lighting equipment of heading8512; parts thereof",0.059196,0.16700000000000004,-0.136,0.001,2389078,-0.1630695443645084
5805,Hand-woven tapestries,"Hand-woven tapestries of the type Gobelins, Flanders, Aubusson, Beauvais and the like, and needle-worked tapestries (for example, petit point, cross stitch), whether or not made up:",0.06792,0.17800000000000005,-0.136,0.002,23806,-0.1652490886998785
2835,Phosphates,"Phosphinates (hypophosphites), phosphonates (phosphites) and phosphates; polyphosphates, whether or not chemically defined",0.007766,0.17100000000000004,-0.142,0.664,404955,-0.1710843373493976
3706,Motion-picture film,"Motion-picture film, exposed and developed, whether or not incorporating sound track or consisting only of sound track",0.160024,0.17500000000000004,-0.155,0.002,13434,-0.18765133171912834
2526,Natural steatite,"Natural steatite, whether or not roughly trimmed or merely cut, by sawing or otherwise, into blocks or slabs of a rectangular (including square) shape; talc",0.047681,0.16500000000000004,-0.158,0.715,565455,-0.1889952153110048
2808,Sulfonitric acids,Sulfonitric acids,0.0,0.17100000000000004,-0.157,0.529,0,-0.1891566265060241
1001,Wheat and meslin,Wheat and meslin,0.001463,0.16600000000000004,-0.161,0.432,1052747,-0.19281437125748505
2845,Non-radioactive isotopes,"Isotopes other than those of heading 2844; compounds, inorganic or organic, of such isotopes, whether or not chemically defined",0.000409,0.16600000000000004,-0.162,0.296,9327,-0.1940119760479042
5112,Woven fabrics of combed wool,Woven fabrics of combed wool or of combed fine animal hair,0.024774,0.15400000000000003,-0.17,0.751,604038,-0.20070838252656437
2004,"Other vegetables, frozen","Other vegetables prepared or preserved otherwise than by vinegar or acetic acid, frozen, other than products of heading 2006",0.013704,0.16100000000000003,-0.172,0.442,2273738,-0.20476190476190476
1503,"Lard oil, tallow oil etc.","Lard stearin, lard oil, oleostearin, oleo-oil and tallow oil, not emulsified or mixed or otherwise prepared",0.103675,0.15400000000000003,-0.18,0.002,166213,-0.21251475796930341
9702,Original engravings,"Original engravings, prints and lithographs, framed or not framed",0.005077,0.15400000000000003,-0.199,0.359,41728,-0.2349468713105077
6701,Feathers or down,"Skins and other parts of birds with their feathers or down, feathers, parts of feathers, down and articles thereof (other than goods of heading 0505 and worked quills and scapes):",0.159305,0.17200000000000004,-0.197,0.002,213695,-0.23763570566948133
0205,Horse meat,"Meat of horses, asses, mules or hinnies, fresh, chilled or frozen",0.000526,0.15900000000000003,-0.233,0.486,2504,-0.2767220902612827
2307,Wine lees,Wine lees; argol,0.0,0.15500000000000003,-0.237,0.002,0,-0.2801418439716312
3822,Diagnostic or laboratory reagents,"Diagnostic or laboratory reagents on a backing and prepared diagnostic or laboratory reagents, whether or not on a backing, other than those of heading 3002 or 3006; certified reference materials",0.012353,0.16500000000000004,-0.237,0.584,52239,-0.2834928229665072
2605,Cobalt ore,Cobalt ores and concentrates,0.0,0.16900000000000004,-0.239,0.002,0,-0.28725961538461536
8214,Other cutlery,"Other articles of cutlery (for example, hair clippers, butchers' or kitchen cleavers, chopping or mincing knives, paper knives);manicure or pedicure sets and instruments (including nail files); base metal parts thereof",0.014671,0.17600000000000005,-0.238,0.001,244507,-0.2884848484848485
4406,Wooden railway ties,Railway or tramway sleepers (cross-ties) of wood,0.002261,0.17000000000000004,-0.245,0.555,10316,-0.29482551143200963
2512,Siliceous fossil meals and earths,"Siliceous fossil meals (for example, kieselguhr, tripolite and diatomite) and similar siliceous earths, whether or not calcined, of an apparent specific gravity of 1 or less",0.07707,0.16400000000000003,-0.257,0.442,172733,-0.30704898446833934
1206,Sunflower seeds,Sunflower seeds,0.000476,0.16900000000000004,-0.283,0.417,29435,-0.3401442307692307
8524,"Tapes, cassettes, records and compact disks","Recorded sound media records, tapes, cassettes, master records, metal matrices, compact discs",0.123448,0.17100000000000004,-0.288,0.002,29455,-0.3469879518072289
6904,Ceramic building bricks,"Ceramic building bricks, flooring blocks, support or filler tiles and the like",0.021402,0.18100000000000005,-0.293,0.417,788288,-0.3573170731707317
2205,"Wine, flavored",Vermouth and other wine of fresh grapes flavored with plants or aromatic substances,0.0,0.16300000000000003,-0.305,0.351,0,-0.3639618138424821
3501,Casein,"Casein, caseinates and other casein derivatives; casein glues",0.000241,0.15800000000000003,-0.307,0.395,8747,-0.3641755634638197
6807,Asphalt,"Articles of asphalt or of similar material (for example, petroleum bitumen or coal tar pitch)",0.007756,0.17300000000000004,-0.319,0.409,218183,-0.38526570048309183
5406,Synthetic filament yarn for retail sale,"Man-made filament yarn (other than sewing thread), put up for retail sale:",0.053246,0.17300000000000004,-0.344,0.417,92966,-0.41545893719806765
9301,"Military weapons, other than pistols and swords","Military weapons, other than revolvers, pistols and the arms of heading 9307",0.165954,0.17400000000000004,-0.349,0.352,3023065,-0.42200725513905685
2204,Wine,"Wine of fresh grapes, including fortified wines; grape must other than that of heading 2009",0.00408,0.17000000000000004,-0.376,0.193,1835645,-0.45246690734055356
2844,Uranium,Radioactive chemical elements and radioactive isotopes (including the fissile or fertile chemical elements and isotopes) and their compounds; mixtures and residues containing these products,0.000635,0.14,-0.432,0.509,137786,-0.5017421602787456
0405,Butter,Butter and other fats and oils derived from milk; dairy spreads,0.002001,0.16900000000000004,-0.442,0.487,254061,-0.53125
4503,Articles of natural cork,Articles of natural cork,0.009585,0.16100000000000003,-0.46,0.316,80173,-0.5476190476190477
8430,"Other moving, excavating or boring machinery","Other moving, grading, leveling, scraping, excavating, tamping, compacting, extracting or boring machinery, for earth, minerals or ores; pile-drivers and pile-extractors; snowplows and snowblowers",0.057232,0.18000000000000005,-0.454,0.463,9648797,-0.5529841656516444
1213,Cereal straw and husks,"Cereal straw and husks, unprepared, whether or not chopped, ground, pressed or in the form of pellets",0.02011,0.17200000000000004,-0.46,0.46,108733,-0.5548854041013269
0206,Edible offal,"Edible offal of bovine animals, swine, sheep, goats, horses, asses, mules or hinnies, fresh, chilled or frozen",0.000394,0.17900000000000005,-0.459,0.244,42533,-0.5583941605839416
9703,Sculptures,"Original sculptures and statuary, in any material",0.028504,0.16500000000000004,-0.483,0.4,1550064,-0.5777511961722488
2829,Sodium chlorate,Chlorates and perchlorates; bromates and perbromates; iodates and periodates,0.028666,0.17200000000000004,-0.54,0.3,266247,-0.6513872135102534
2519,Natural magnesia,"Natural magnesium carbonate (magnesite); fused magnesia; dead-burned (sintered) magnesia, whether or not containing small quantities of other oxides added before sintering; other magnesium oxide, whether or not pure",0.068438,0.17100000000000004,-0.541,0.527,1623151,-0.6518072289156627
4502,"Natural cork, debacked","Natural cork, debacked or roughly squared, or in rectangular (including square) blocks, plates, sheets or strip (including sharp-edged blanks for corks or stoppers)",0.027884,0.17300000000000004,-0.541,0.001,21520,-0.6533816425120774
0201,Beef,"Meat of bovine animals, fresh or chilled",0.000657,0.17400000000000004,-0.548,0.325,230561,-0.6626360338573157
9706,Antiques >100 years,Antiques older than one hundred years,0.012459,0.14400000000000002,-0.594,0.427,375188,-0.6931155192532088
7303,Tubes of cast iron,"Tubes, pipes and hollow profiles, of cast iron",0.082061,0.18100000000000005,-0.575,0.527,1836435,-0.7012195121951219
5003,Silk waste,"Silk waste (including cocoons unsuitable for reeling, yarn waste and garnetted stock):",0.014009,0.17200000000000004,-0.605,0.002,19852,-0.729794933655006
0705,Lettuce,"Lettuce (Lactuca sativa) and chicory (Cichorium spp.), fresh or chilled",0.051573,0.16600000000000004,-0.621,0.417,2161528,-0.7437125748502994
2830,Sulfides; polysulfides,"Sulfides; polysulfides, whether or not chemically defined",0.000132,0.16100000000000003,-0.625,0.618,1143,-0.7440476190476191
7405,Master alloys of copper,Master alloys of copper:,0.0,0.15600000000000003,-0.641,0.405,0,-0.7585798816568048
4109,Patent leather,"Patent leather, metallised leather",0.01247,0.18000000000000005,-0.643,0.329,43088,-0.7831912302070646
0601,Flower bulbs,"Bulbs, tubers, tuberous roots, corms, crowns and rhizomes, dormant, in growth or in flower; chicory plants and roots other than roots of heading 1212",0.064593,0.16700000000000004,-0.684,0.001,1379303,-0.8201438848920864
1204,Linseed,Linseed,0.000141,0.17100000000000004,-0.685,0.124,2273,-0.8253012048192773
4501,"Natural cork, raw","Natural cork, raw or simply prepared; waste cork; crushed, granulated or ground cork",0.131952,0.16100000000000003,-0.799,0.247,546534,-0.9511904761904763
8105,Cobalt,"Cobalt mattes and other intermediate products of cobalt metallurgy; cobalt and articles thereof,including waste and scrap",0.001522,0.15800000000000003,-0.815,0.312,79245,-0.966785290628707
4504,Agglomerated cork,Agglomerated cork (with or without a binding substance) and articles of agglomerated cork,0.001365,0.16700000000000004,-0.834,0.325,18532,-1.0
1214,Forage products,"Rutabagas (swedes), mangolds, fodder roots, hay, alfalfa (lucerne), clover, sainfoin, forage kale, lupines, vetches and similar forage products, whether or not in the form of pellets",0.00189,0.14900000000000002,-0.871,0.461,76629,-1.022300469483568
1510,"Olive oil, blended","Other oils and their fractions, obtained solely from olives, whether or not refined, but not chemically modified, including blends of these oils and fractions with oils or fractions of heading 1509:",0.010096,0.17700000000000005,-0.873,0.27,92940,-1.0594660194174759
1509,Olive oil,"Olive oil and its fractions, whether or not refined, but not chemically modified",0.000231,0.17700000000000005,-0.895,0.194,30405,-1.0861650485436893
5105,"Wool, combed","Wool and fine or coarse animal hair, carded or combed (including combed wool in fragments)",0.000342,0.16400000000000003,-1.017,0.286,7241,-1.2150537634408602
2528,Natural borates,"Natural borates and concentrates thereof (calcined or not), but not including borates separated from natural brine; natural boric acid containing not more than 85 percent of H3BO3 calculated on the dry weight",0.0,0.17800000000000005,-1.01,0.1,0,-1.227217496962333
2810,Oxides of boron; boric acids,Oxides of boron; boric acids,0.000134,0.18000000000000005,-1.031,0.043,994,-1.2557856272838002
2801,Iodine,"Fluorine, chlorine, bromine and iodine",0.000203,0.17800000000000005,-1.133,0.274,6453,-1.376670716889429
4206,Articles of gut,"Articles of gut (other than silkworm gut), of goldbeater's skin, of bladders or of tendons",0.0,0.15800000000000003,-1.244,0.0,0,-1.475682087781732
0903,Mate,Mate,0.024717,0.17300000000000004,-1.537,-0.15,61695,-1.856280193236715
2822,Cobalt oxides and hydroxides,Cobalt oxides and hydroxides; commercial cobalt oxides,0.007153,0.16100000000000003,-1.999,0.0,279732,-2.379761904761905
1208,Flours of oil seeds,"Flours and meals of oil seeds or oleaginous fruits, other than those of mustard",0.000614,0.17900000000000005,-2.194,0.037,18086,-2.6690997566909975
